{
	"Rules": [
		{
			"type": 0,
			"MinAge": 2,
			"MaxAge": 4,
			"MinVel": [-500, 2500, -500],
			"MaxVel": [500, 2800, 500],
			"Dumping": 0.1,
			"MinTam": 5,
			"MaxTam": 10,
			"Payloads":
			[
				{"NextType": 1, "Count": 15},
				{"NextType": 1, "Count": 8}
			]
		},

		{
			"type": 1,
			"MinAge": 3,
			"MaxAge": 7,
			"MinVel": [-400, 1500, -400],
			"MaxVel": [400, 1800, 400],
			"Dumping": 0.1,
			"MinTam": 5,
			"MaxTam": 8,
			"Payloads":
			[
				{"NextType": 2, "Count": 20},
				{"NextType": 2, "Count": 8}
			]
		},

		{
			"type": 2,
			"MinAge": 2,
			"MaxAge": 5,
			"MinVel": [-100, 1000, -100],
			"MaxVel": [100, 1800, 100],
			"Dumping": 0.1,
			"MinTam": 4,
			"MaxTam": 7
		}
	]
}